Α/Α,Πανεπιστήμιο/Ίδρυμα,Συντομ.,Σχολή,Τμήμα,Σημείωση επαλήθευσης
1,Εθνικό και Καποδιστριακό Πανεπιστήμιο Αθηνών,ΕΚΠΑ,Θετικών Επιστημών,Αεροδιαστημικής Επιστήμης και Τεχνολογίας,
1,Εθνικό και Καποδιστριακό Πανεπιστήμιο Αθηνών,ΕΚΠΑ,Θετικών Επιστημών,Βιολογίας,
1,Εθνικό και Καποδιστριακό Πανεπιστήμιο Αθηνών,ΕΚΠΑ,Θετικών Επιστημών,Γεωλογίας και Γεωπεριβάλλοντος,
1,Εθνικό και Καποδιστριακό Πανεπιστήμιο Αθηνών,ΕΚΠΑ,Θετικών Επιστημών,Ιστορίας και Φιλοσοφίας της Επιστήμης,
1,Εθνικό και Καποδιστριακό Πανεπιστήμιο Αθηνών,ΕΚΠΑ,Θετικών Επιστημών,Μαθηματικών,
1,Εθνικό και Καποδιστριακό Πανεπιστήμιο Αθηνών,ΕΚΠΑ,Θετικών Επιστημών,Πληροφορικής και Τηλεπικοινωνιών,
1,Εθνικό και Καποδιστριακό Πανεπιστήμιο Αθηνών,ΕΚΠΑ,Θετικών Επιστημών,Τεχνολογιών Ψηφιακής Βιομηχανίας,
1,Εθνικό και Καποδιστριακό Πανεπιστήμιο Αθηνών,ΕΚΠΑ,Θετικών Επιστημών,Φυσικής,
1,Εθνικό και Καποδιστριακό Πανεπιστήμιο Αθηνών,ΕΚΠΑ,Θετικών Επιστημών,Χημείας,
1,Εθνικό και Καποδιστριακό Πανεπιστήμιο Αθηνών,ΕΚΠΑ,Φιλοσοφική,Παιδαγωγικό Τμήμα Δευτεροβάθμιας Εκπαίδευσης,
1,Εθνικό και Καποδιστριακό Πανεπιστήμιο Αθηνών,ΕΚΠΑ,Φιλοσοφική,Αγγλικής Γλώσσας και Φιλολογίας,
1,Εθνικό και Καποδιστριακό Πανεπιστήμιο Αθηνών,ΕΚΠΑ,Φιλοσοφική,Γαλλικής Γλώσσας και Φιλολογίας,
1,Εθνικό και Καποδιστριακό Πανεπιστήμιο Αθηνών,ΕΚΠΑ,Φιλοσοφική,Γερμανικής Γλώσσας και Φιλολογίας,
1,Εθνικό και Καποδιστριακό Πανεπιστήμιο Αθηνών,ΕΚΠΑ,Φιλοσοφική,Θεατρικών Σπουδών,
1,Εθνικό και Καποδιστριακό Πανεπιστήμιο Αθηνών,ΕΚΠΑ,Φιλοσοφική,Ισπανικής Γλώσσας και Φιλολογίας,
1,Εθνικό και Καποδιστριακό Πανεπιστήμιο Αθηνών,ΕΚΠΑ,Φιλοσοφική,Ιστορίας και Αρχαιολογίας,
1,Εθνικό και Καποδιστριακό Πανεπιστήμιο Αθηνών,ΕΚΠΑ,Φιλοσοφική,Ιταλικής Γλώσσας και Φιλολογίας,
1,Εθνικό και Καποδιστριακό Πανεπιστήμιο Αθηνών,ΕΚΠΑ,Φιλοσοφική,Μουσικών Σπουδών,
1,Εθνικό και Καποδιστριακό Πανεπιστήμιο Αθηνών,ΕΚΠΑ,Φιλοσοφική,Ρωσικής Γλώσσας και Φιλολογίας και Σλαβικών Σπουδών,
1,Εθνικό και Καποδιστριακό Πανεπιστήμιο Αθηνών,ΕΚΠΑ,Φιλοσοφική,Φιλολογίας,
1,Εθνικό και Καποδιστριακό Πανεπιστήμιο Αθηνών,ΕΚΠΑ,Φιλοσοφική,Φιλοσοφίας,
1,Εθνικό και Καποδιστριακό Πανεπιστήμιο Αθηνών,ΕΚΠΑ,Φιλοσοφική,Ψυχολογίας,
1,Εθνικό και Καποδιστριακό Πανεπιστήμιο Αθηνών,ΕΚΠΑ,Επιστημών Υγείας,Ιατρικής,
1,Εθνικό και Καποδιστριακό Πανεπιστήμιο Αθηνών,ΕΚΠΑ,Επιστημών Υγείας,Νοσηλευτικής,
1,Εθνικό και Καποδιστριακό Πανεπιστήμιο Αθηνών,ΕΚΠΑ,Επιστημών Υγείας,Οδοντιατρικής,
1,Εθνικό και Καποδιστριακό Πανεπιστήμιο Αθηνών,ΕΚΠΑ,Επιστημών Υγείας,Φαρμακευτικής,
1,Εθνικό και Καποδιστριακό Πανεπιστήμιο Αθηνών,ΕΚΠΑ,Νομική,Νομικής,Μονοτμηματική Σχολή (από 2013).
1,Εθνικό και Καποδιστριακό Πανεπιστήμιο Αθηνών,ΕΚΠΑ,Θεολογική,Θεολογίας,
1,Εθνικό και Καποδιστριακό Πανεπιστήμιο Αθηνών,ΕΚΠΑ,Θεολογική,Κοινωνικής Θεολογίας και Θρησκειολογίας,
1,Εθνικό και Καποδιστριακό Πανεπιστήμιο Αθηνών,ΕΚΠΑ,Οικονομικών και Πολιτικών Επιστημών,Διαχείρισης Λιμένων και Ναυτιλίας,
1,Εθνικό και Καποδιστριακό Πανεπιστήμιο Αθηνών,ΕΚΠΑ,Οικονομικών και Πολιτικών Επιστημών,Επικοινωνίας και Μέσων Μαζικής Ενημέρωσης,
1,Εθνικό και Καποδιστριακό Πανεπιστήμιο Αθηνών,ΕΚΠΑ,Οικονομικών και Πολιτικών Επιστημών,Οικονομικών Επιστημών,
1,Εθνικό και Καποδιστριακό Πανεπιστήμιο Αθηνών,ΕΚΠΑ,Οικονομικών και Πολιτικών Επιστημών,Πολιτικής Επιστήμης και Δημόσιας Διοίκησης,
1,Εθνικό και Καποδιστριακό Πανεπιστήμιο Αθηνών,ΕΚΠΑ,Οικονομικών και Πολιτικών Επιστημών,Τουρκικών Σπουδών και Σύγχρονων Ασιατικών Σπουδών,
1,Εθνικό και Καποδιστριακό Πανεπιστήμιο Αθηνών,ΕΚΠΑ,Οικονομικών και Πολιτικών Επιστημών,Διοίκησης Επιχειρήσεων και Οργανισμών,
1,Εθνικό και Καποδιστριακό Πανεπιστήμιο Αθηνών,ΕΚΠΑ,Οικονομικών και Πολιτικών Επιστημών,Κοινωνιολογίας,
1,Εθνικό και Καποδιστριακό Πανεπιστήμιο Αθηνών,ΕΚΠΑ,Οικονομικών και Πολιτικών Επιστημών,Ψηφιακών Τεχνών και Κινηματογράφου,
1,Εθνικό και Καποδιστριακό Πανεπιστήμιο Αθηνών,ΕΚΠΑ,Επιστημών Αγωγής,Παιδαγωγικό Τμήμα Δημοτικής Εκπαίδευσης,
1,Εθνικό και Καποδιστριακό Πανεπιστήμιο Αθηνών,ΕΚΠΑ,Επιστημών Αγωγής,Εκπαίδευσης και Αγωγής στην Προσχολική Ηλικία,
1,Εθνικό και Καποδιστριακό Πανεπιστήμιο Αθηνών,ΕΚΠΑ,Επιστήμης Φυσικής Αγωγής και Αθλητισμού,Επιστήμης Φυσικής Αγωγής και Αθλητισμού,
1,Εθνικό και Καποδιστριακό Πανεπιστήμιο Αθηνών,ΕΚΠΑ,"Αγροτικής Ανάπτυξης, Διατροφής και Αειφορίας",Τουριστικών Σπουδών Και Εναλλακτικού Τουρισμού,"Έδρα Ψαχνά Ευβοίας. Δύο ακόμη τμήματα (Διατροφής-Διαιτολογίας, Τουριστικών Σπουδών) προβλέπονται αλλά δεν λειτουργούν ακόμη."
1,Εθνικό και Καποδιστριακό Πανεπιστήμιο Αθηνών,ΕΚΠΑ,"Αγροτικής Ανάπτυξης, Διατροφής και Αειφορίας","Αγροτικής Ανάπτυξης, Αγροδιατροφής και Διαχείρισης Φυσικών Πόρων","Έδρα Ψαχνά Ευβοίας. Δύο ακόμη τμήματα (Διατροφής-Διαιτολογίας, Τουριστικών Σπουδών) προβλέπονται αλλά δεν λειτουργούν ακόμη."
2,Εθνικό Μετσόβιο Πολυτεχνείο,ΕΜΠ,Πολιτικών Μηχανικών,Πολιτικών Μηχανικών,Μονοτμηματική σχολή.
2,Εθνικό Μετσόβιο Πολυτεχνείο,ΕΜΠ,Μηχανολόγων Μηχανικών,Μηχανολόγων Μηχανικών,Μονοτμηματική σχολή.
2,Εθνικό Μετσόβιο Πολυτεχνείο,ΕΜΠ,Ηλεκτρολόγων Μηχανικών και Μηχανικών Υπολογιστών,Ηλεκτρολόγων Μηχανικών και Μηχανικών Υπολογιστών,Μονοτμηματική σχολή.
2,Εθνικό Μετσόβιο Πολυτεχνείο,ΕΜΠ,Αρχιτεκτόνων Μηχανικών,Αρχιτεκτόνων Μηχανικών,Μονοτμηματική σχολή.
2,Εθνικό Μετσόβιο Πολυτεχνείο,ΕΜΠ,Χημικών Μηχανικών,Χημικών Μηχανικών,Μονοτμηματική σχολή.
2,Εθνικό Μετσόβιο Πολυτεχνείο,ΕΜΠ,Αγρονόμων και Τοπογράφων Μηχανικών,Αγρονόμων και Τοπογράφων Μηχανικών – Μηχανικών Γεωπληροφορικής,Μονοτμηματική σχολή.
2,Εθνικό Μετσόβιο Πολυτεχνείο,ΕΜΠ,Μηχανικών Μεταλλείων – Μεταλλουργών,Μηχανικών Μεταλλείων – Μεταλλουργών,Μονοτμηματική σχολή.
2,Εθνικό Μετσόβιο Πολυτεχνείο,ΕΜΠ,Ναυπηγών Μηχανολόγων Μηχανικών,Ναυπηγών Μηχανολόγων Μηχανικών,Μονοτμηματική σχολή.
2,Εθνικό Μετσόβιο Πολυτεχνείο,ΕΜΠ,Εφαρμοσμένων Μαθηματικών και Φυσικών Επιστημών,Εφαρμοσμένων Μαθηματικών και Φυσικών Επιστημών,Μονοτμηματική σχολή.
3,Οικονομικό Πανεπιστήμιο Αθηνών,ΟΠΑ,Οικονομικών Επιστημών,Διεθνών και Ευρωπαϊκών Οικονομικών Σπουδών,
3,Οικονομικό Πανεπιστήμιο Αθηνών,ΟΠΑ,Οικονομικών Επιστημών,Οικονομικής Επιστήμης,
3,Οικονομικό Πανεπιστήμιο Αθηνών,ΟΠΑ,Διοίκησης Επιχειρήσεων,Διοικητικής Επιστήμης και Τεχνολογίας,
3,Οικονομικό Πανεπιστήμιο Αθηνών,ΟΠΑ,Διοίκησης Επιχειρήσεων,Οργάνωσης και Διοίκησης Επιχειρήσεων,
3,Οικονομικό Πανεπιστήμιο Αθηνών,ΟΠΑ,Διοίκησης Επιχειρήσεων,Λογιστικής και Χρηματοοικονομικής,
3,Οικονομικό Πανεπιστήμιο Αθηνών,ΟΠΑ,Διοίκησης Επιχειρήσεων,Μάρκετινγκ και Επικοινωνίας,
3,Οικονομικό Πανεπιστήμιο Αθηνών,ΟΠΑ,Επιστημών και Τεχνολογίας της Πληροφορίας,Πληροφορικής,
3,Οικονομικό Πανεπιστήμιο Αθηνών,ΟΠΑ,Επιστημών και Τεχνολογίας της Πληροφορίας,Στατιστικής,
4,Γεωπονικό Πανεπιστήμιο Αθηνών,ΓΠΑ,Επιστημών των Φυτών,Επιστήμης Φυτικής Παραγωγής,
4,Γεωπονικό Πανεπιστήμιο Αθηνών,ΓΠΑ,Επιστημών των Φυτών,Δασολογίας και Διαχείρισης Φυσικού Περιβάλλοντος,
4,Γεωπονικό Πανεπιστήμιο Αθηνών,ΓΠΑ,Επιστημών των Φυτών,Δασοπονίας και Διαχείρισης Φυσικού Περιβάλλοντος (Καρπενήσι),
4,Γεωπονικό Πανεπιστήμιο Αθηνών,ΓΠΑ,Επιστημών των Ζώων,Επιστήμης Ζωικής Παραγωγής,
4,Γεωπονικό Πανεπιστήμιο Αθηνών,ΓΠΑ,Περιβάλλοντος και Γεωργικής Μηχανικής,Αξιοποίησης Φυσικών Πόρων και Γεωργικής Μηχανικής,
4,Γεωπονικό Πανεπιστήμιο Αθηνών,ΓΠΑ,Περιβάλλοντος και Γεωργικής Μηχανικής,Πληροφορικής στη Γεωργία και το Περιβάλλον,
4,Γεωπονικό Πανεπιστήμιο Αθηνών,ΓΠΑ,Επιστημών Τροφίμων και Διατροφής,Επιστήμης Τροφίμων και Διατροφής του Ανθρώπου,
4,Γεωπονικό Πανεπιστήμιο Αθηνών,ΓΠΑ,Επιστημών Τροφίμων και Διατροφής,Διαιτολογίας και Ποιότητας Ζωής,
4,Γεωπονικό Πανεπιστήμιο Αθηνών,ΓΠΑ,Εφαρμοσμένης Βιολογίας και Βιοτεχνολογίας,Βιοτεχνολογίας,
4,Γεωπονικό Πανεπιστήμιο Αθηνών,ΓΠΑ,Εφαρμοσμένων Οικονομικών και Κοινωνικών Επιστημών,Αγροτικής Οικονομίας και Ανάπτυξης,
4,Γεωπονικό Πανεπιστήμιο Αθηνών,ΓΠΑ,Εφαρμοσμένων Οικονομικών και Κοινωνικών Επιστημών,Περιφερειακής και Οικονομικής Ανάπτυξης,
4,Γεωπονικό Πανεπιστήμιο Αθηνών,ΓΠΑ,Εφαρμοσμένων Οικονομικών και Κοινωνικών Επιστημών,Διοίκησης Γεωργικών Επιχειρήσεων και Συστημάτων Εφοδιασμού,
4,Γεωπονικό Πανεπιστήμιο Αθηνών,ΓΠΑ,Εφαρμοσμένων Οικονομικών και Κοινωνικών Επιστημών,Πολιτισμού και Αγροτικού Τουρισμού,
5,Πάντειο Πανεπιστήμιο,,Επιστημών Οικονομίας και Δημόσιας Διοίκησης,Δημόσιας Διοίκησης,
5,Πάντειο Πανεπιστήμιο,,Επιστημών Οικονομίας και Δημόσιας Διοίκησης,Οικονομικής και Περιφερειακής Ανάπτυξης,
5,Πάντειο Πανεπιστήμιο,,Πολιτικών Επιστημών,Πολιτικής Επιστήμης και Ιστορίας,
5,Πάντειο Πανεπιστήμιο,,Πολιτικών Επιστημών,Κοινωνικής Πολιτικής,
5,Πάντειο Πανεπιστήμιο,,Κοινωνικών Επιστημών,Κοινωνιολογίας,
5,Πάντειο Πανεπιστήμιο,,Κοινωνικών Επιστημών,Ψυχολογίας,
5,Πάντειο Πανεπιστήμιο,,Κοινωνικών Επιστημών,Κοινωνικής Ανθρωπολογίας,
5,Πάντειο Πανεπιστήμιο,,"Διεθνών Σπουδών, Επικοινωνίας και Πολιτισμού","Διεθνών, Ευρωπαϊκών και Περιφερειακών Σπουδών",
5,Πάντειο Πανεπιστήμιο,,"Διεθνών Σπουδών, Επικοινωνίας και Πολιτισμού","Επικοινωνίας, Μέσων και Πολιτισμού",
6,Πανεπιστήμιο Δυτικής Αττικής,ΠΑΔΑ,Δημόσιας Υγείας,Δημόσιας και Κοινοτικής Υγείας,
6,Πανεπιστήμιο Δυτικής Αττικής,ΠΑΔΑ,Δημόσιας Υγείας,Πολιτικών Δημόσιας Υγείας,
6,Πανεπιστήμιο Δυτικής Αττικής,ΠΑΔΑ,"Διοικητικών, Οικονομικών και Κοινωνικών Επιστημών",Αγωγής και Φροντίδας στην Πρώιμη Παιδική Ηλικία,
6,Πανεπιστήμιο Δυτικής Αττικής,ΠΑΔΑ,"Διοικητικών, Οικονομικών και Κοινωνικών Επιστημών","Αρχειονομίας, Βιβλιοθηκονομίας και Συστημάτων Πληροφόρησης",
6,Πανεπιστήμιο Δυτικής Αττικής,ΠΑΔΑ,"Διοικητικών, Οικονομικών και Κοινωνικών Επιστημών",Διοίκησης Επιχειρήσεων,
6,Πανεπιστήμιο Δυτικής Αττικής,ΠΑΔΑ,"Διοικητικών, Οικονομικών και Κοινωνικών Επιστημών",Διοίκησης Τουρισμού,
6,Πανεπιστήμιο Δυτικής Αττικής,ΠΑΔΑ,"Διοικητικών, Οικονομικών και Κοινωνικών Επιστημών",Κοινωνικής Εργασίας,
6,Πανεπιστήμιο Δυτικής Αττικής,ΠΑΔΑ,"Διοικητικών, Οικονομικών και Κοινωνικών Επιστημών",Λογιστικής και Χρηματοοικονομικής,
6,Πανεπιστήμιο Δυτικής Αττικής,ΠΑΔΑ,Επιστημών Τροφίμων,Επιστήμης και Τεχνολογίας Τροφίμων,
6,Πανεπιστήμιο Δυτικής Αττικής,ΠΑΔΑ,Επιστημών Τροφίμων,"Επιστημών Οίνου, Αμπέλου και Ποτών",
6,Πανεπιστήμιο Δυτικής Αττικής,ΠΑΔΑ,Επιστημών Υγείας και Πρόνοιας,Βιοϊατρικών Επιστημών,
6,Πανεπιστήμιο Δυτικής Αττικής,ΠΑΔΑ,Επιστημών Υγείας και Πρόνοιας,Εργοθεραπείας,
6,Πανεπιστήμιο Δυτικής Αττικής,ΠΑΔΑ,Επιστημών Υγείας και Πρόνοιας,Μαιευτικής,
6,Πανεπιστήμιο Δυτικής Αττικής,ΠΑΔΑ,Επιστημών Υγείας και Πρόνοιας,Νοσηλευτικής,
6,Πανεπιστήμιο Δυτικής Αττικής,ΠΑΔΑ,Επιστημών Υγείας και Πρόνοιας,Φυσικοθεραπείας,
6,Πανεπιστήμιο Δυτικής Αττικής,ΠΑΔΑ,Εφαρμοσμένων Τεχνών και Πολιτισμού,Γραφιστικής και Οπτικής Επικοινωνίας,
6,Πανεπιστήμιο Δυτικής Αττικής,ΠΑΔΑ,Εφαρμοσμένων Τεχνών και Πολιτισμού,Εσωτερικής Αρχιτεκτονικής,
6,Πανεπιστήμιο Δυτικής Αττικής,ΠΑΔΑ,Εφαρμοσμένων Τεχνών και Πολιτισμού,Συντήρησης Αρχαιοτήτων και Έργων Τέχνης,
6,Πανεπιστήμιο Δυτικής Αττικής,ΠΑΔΑ,Εφαρμοσμένων Τεχνών και Πολιτισμού,Φωτογραφίας και Οπτικοακουστικών Τεχνών,
6,Πανεπιστήμιο Δυτικής Αττικής,ΠΑΔΑ,Πολυτεχνική Σχολή,Βιοϊατρικής Μηχανικής,Επίσημα αναφέρονται 8 τμήματα Μηχανικών στη σχολή· έχουν επιβεβαιωθεί 7.
6,Πανεπιστήμιο Δυτικής Αττικής,ΠΑΔΑ,Πολυτεχνική Σχολή,Ηλεκτρολόγων και Ηλεκτρονικών Μηχανικών,Επίσημα αναφέρονται 8 τμήματα Μηχανικών στη σχολή· έχουν επιβεβαιωθεί 7.
6,Πανεπιστήμιο Δυτικής Αττικής,ΠΑΔΑ,Πολυτεχνική Σχολή,Μηχανικών Πληροφορικής και Υπολογιστών,Επίσημα αναφέρονται 8 τμήματα Μηχανικών στη σχολή· έχουν επιβεβαιωθεί 7.
6,Πανεπιστήμιο Δυτικής Αττικής,ΠΑΔΑ,Πολυτεχνική Σχολή,Μηχανικών Τοπογραφίας και Γεωπληροφορικής,Επίσημα αναφέρονται 8 τμήματα Μηχανικών στη σχολή· έχουν επιβεβαιωθεί 7.
6,Πανεπιστήμιο Δυτικής Αττικής,ΠΑΔΑ,Πολυτεχνική Σχολή,Μηχανολόγων Μηχανικών,Επίσημα αναφέρονται 8 τμήματα Μηχανικών στη σχολή· έχουν επιβεβαιωθεί 7.
6,Πανεπιστήμιο Δυτικής Αττικής,ΠΑΔΑ,Πολυτεχνική Σχολή,Ναυπηγών Μηχανικών,Επίσημα αναφέρονται 8 τμήματα Μηχανικών στη σχολή· έχουν επιβεβαιωθεί 7.
6,Πανεπιστήμιο Δυτικής Αττικής,ΠΑΔΑ,Πολυτεχνική Σχολή,Πολιτικών Μηχανικών,Επίσημα αναφέρονται 8 τμήματα Μηχανικών στη σχολή· έχουν επιβεβαιωθεί 7.
7,Χαροκόπειο Πανεπιστήμιο,,"Περιβάλλοντος, Γεωγραφίας και Εφαρμοσμένων Οικονομικών",Οικονομίας και Βιώσιμης Ανάπτυξης,
7,Χαροκόπειο Πανεπιστήμιο,,"Περιβάλλοντος, Γεωγραφίας και Εφαρμοσμένων Οικονομικών",Γεωγραφίας,
7,Χαροκόπειο Πανεπιστήμιο,,Επιστημών Υγείας και Αγωγής,Επιστήμης Διαιτολογίας – Διατροφής,
7,Χαροκόπειο Πανεπιστήμιο,,Ψηφιακής Τεχνολογίας,Πληροφορικής και Τηλεματικής,
8,Πανεπιστήμιο Πειραιώς,ΠΑ.ΠΕΙ,"Οικονομικών, Επιχειρηματικών και Διεθνών Σπουδών",Οικονομικής Επιστήμης,
8,Πανεπιστήμιο Πειραιώς,ΠΑ.ΠΕΙ,"Οικονομικών, Επιχειρηματικών και Διεθνών Σπουδών",Οργάνωσης και Διοίκησης Επιχειρήσεων,
8,Πανεπιστήμιο Πειραιώς,ΠΑ.ΠΕΙ,"Οικονομικών, Επιχειρηματικών και Διεθνών Σπουδών",Διεθνών και Ευρωπαϊκών Σπουδών,
8,Πανεπιστήμιο Πειραιώς,ΠΑ.ΠΕΙ,"Οικονομικών, Επιχειρηματικών και Διεθνών Σπουδών",Τουριστικών Σπουδών,
8,Πανεπιστήμιο Πειραιώς,ΠΑ.ΠΕΙ,Ναυτιλίας και Βιομηχανίας,Ναυτιλιακών Σπουδών,
8,Πανεπιστήμιο Πειραιώς,ΠΑ.ΠΕΙ,Ναυτιλίας και Βιομηχανίας,Βιομηχανικής Διοίκησης και Τεχνολογίας,
8,Πανεπιστήμιο Πειραιώς,ΠΑ.ΠΕΙ,Χρηματοοικονομικής και Στατιστικής,Χρηματοοικονομικής και Τραπεζικής Διοικητικής,
8,Πανεπιστήμιο Πειραιώς,ΠΑ.ΠΕΙ,Χρηματοοικονομικής και Στατιστικής,Στατιστικής και Ασφαλιστικής Επιστήμης,
8,Πανεπιστήμιο Πειραιώς,ΠΑ.ΠΕΙ,Τεχνολογιών Πληροφορικής και Επικοινωνιών,Πληροφορικής,
8,Πανεπιστήμιο Πειραιώς,ΠΑ.ΠΕΙ,Τεχνολογιών Πληροφορικής και Επικοινωνιών,Ψηφιακών Συστημάτων,
9,Αριστοτέλειο Πανεπιστήμιο Θεσσαλονίκης,ΑΠΘ,Θεολογική,Θεολογίας,
9,Αριστοτέλειο Πανεπιστήμιο Θεσσαλονίκης,ΑΠΘ,Θεολογική,Ποιμαντικής και Κοινωνικής Θεολογίας,
9,Αριστοτέλειο Πανεπιστήμιο Θεσσαλονίκης,ΑΠΘ,Φιλοσοφική,Φιλολογίας,
9,Αριστοτέλειο Πανεπιστήμιο Θεσσαλονίκης,ΑΠΘ,Φιλοσοφική,Ιστορίας και Αρχαιολογίας,
9,Αριστοτέλειο Πανεπιστήμιο Θεσσαλονίκης,ΑΠΘ,Φιλοσοφική,Φιλοσοφίας και Παιδαγωγικής,
9,Αριστοτέλειο Πανεπιστήμιο Θεσσαλονίκης,ΑΠΘ,Φιλοσοφική,Ψυχολογίας,
9,Αριστοτέλειο Πανεπιστήμιο Θεσσαλονίκης,ΑΠΘ,Φιλοσοφική,Αγγλικής Γλώσσας και Φιλολογίας,
9,Αριστοτέλειο Πανεπιστήμιο Θεσσαλονίκης,ΑΠΘ,Φιλοσοφική,Γαλλικής Γλώσσας και Φιλολογίας,
9,Αριστοτέλειο Πανεπιστήμιο Θεσσαλονίκης,ΑΠΘ,Φιλοσοφική,Γερμανικής Γλώσσας και Φιλολογίας,
9,Αριστοτέλειο Πανεπιστήμιο Θεσσαλονίκης,ΑΠΘ,Φιλοσοφική,Ιταλικής Γλώσσας και Φιλολογίας,
9,Αριστοτέλειο Πανεπιστήμιο Θεσσαλονίκης,ΑΠΘ,Θετικών Επιστημών,Μαθηματικών,
9,Αριστοτέλειο Πανεπιστήμιο Θεσσαλονίκης,ΑΠΘ,Θετικών Επιστημών,Φυσικής,
9,Αριστοτέλειο Πανεπιστήμιο Θεσσαλονίκης,ΑΠΘ,Θετικών Επιστημών,Χημείας,
9,Αριστοτέλειο Πανεπιστήμιο Θεσσαλονίκης,ΑΠΘ,Θετικών Επιστημών,Βιολογίας,
9,Αριστοτέλειο Πανεπιστήμιο Θεσσαλονίκης,ΑΠΘ,Θετικών Επιστημών,Γεωλογίας,
9,Αριστοτέλειο Πανεπιστήμιο Θεσσαλονίκης,ΑΠΘ,Θετικών Επιστημών,Πληροφορικής,
9,Αριστοτέλειο Πανεπιστήμιο Θεσσαλονίκης,ΑΠΘ,Νομική,Νομικής,Μονοτμηματική σχολή.
9,Αριστοτέλειο Πανεπιστήμιο Θεσσαλονίκης,ΑΠΘ,Οικονομικών και Πολιτικών Επιστημών,Οικονομικών Επιστημών,
9,Αριστοτέλειο Πανεπιστήμιο Θεσσαλονίκης,ΑΠΘ,Οικονομικών και Πολιτικών Επιστημών,Πολιτικών Επιστημών,
9,Αριστοτέλειο Πανεπιστήμιο Θεσσαλονίκης,ΑΠΘ,Οικονομικών και Πολιτικών Επιστημών,Δημοσιογραφίας και Μέσων Μαζικής Επικοινωνίας,
9,Αριστοτέλειο Πανεπιστήμιο Θεσσαλονίκης,ΑΠΘ,Επιστημών Υγείας,Ιατρικής,
9,Αριστοτέλειο Πανεπιστήμιο Θεσσαλονίκης,ΑΠΘ,Επιστημών Υγείας,Κτηνιατρικής,
9,Αριστοτέλειο Πανεπιστήμιο Θεσσαλονίκης,ΑΠΘ,Επιστημών Υγείας,Οδοντιατρικής,
9,Αριστοτέλειο Πανεπιστήμιο Θεσσαλονίκης,ΑΠΘ,Επιστημών Υγείας,Φαρμακευτικής,
9,Αριστοτέλειο Πανεπιστήμιο Θεσσαλονίκης,ΑΠΘ,Πολυτεχνική Σχολή,Πολιτικών Μηχανικών,
9,Αριστοτέλειο Πανεπιστήμιο Θεσσαλονίκης,ΑΠΘ,Πολυτεχνική Σχολή,Αρχιτεκτόνων Μηχανικών,
9,Αριστοτέλειο Πανεπιστήμιο Θεσσαλονίκης,ΑΠΘ,Πολυτεχνική Σχολή,Αγρονόμων και Τοπογράφων Μηχανικών,
9,Αριστοτέλειο Πανεπιστήμιο Θεσσαλονίκης,ΑΠΘ,Πολυτεχνική Σχολή,Μηχανολόγων Μηχανικών,
9,Αριστοτέλειο Πανεπιστήμιο Θεσσαλονίκης,ΑΠΘ,Πολυτεχνική Σχολή,Ηλεκτρολόγων Μηχανικών και Μηχανικών Υπολογιστών,
9,Αριστοτέλειο Πανεπιστήμιο Θεσσαλονίκης,ΑΠΘ,Πολυτεχνική Σχολή,Χημικών Μηχανικών,
9,Αριστοτέλειο Πανεπιστήμιο Θεσσαλονίκης,ΑΠΘ,Πολυτεχνική Σχολή,Μηχανικών Χωροταξίας και Ανάπτυξης,
9,Αριστοτέλειο Πανεπιστήμιο Θεσσαλονίκης,ΑΠΘ,Καλών Τεχνών,Εικαστικών και Εφαρμοσμένων Τεχνών,
9,Αριστοτέλειο Πανεπιστήμιο Θεσσαλονίκης,ΑΠΘ,Καλών Τεχνών,Μουσικών Σπουδών,
9,Αριστοτέλειο Πανεπιστήμιο Θεσσαλονίκης,ΑΠΘ,Καλών Τεχνών,Θεάτρου,
9,Αριστοτέλειο Πανεπιστήμιο Θεσσαλονίκης,ΑΠΘ,Καλών Τεχνών,Κινηματογράφου,
9,Αριστοτέλειο Πανεπιστήμιο Θεσσαλονίκης,ΑΠΘ,Παιδαγωγική,Δημοτικής Εκπαίδευσης,
9,Αριστοτέλειο Πανεπιστήμιο Θεσσαλονίκης,ΑΠΘ,Παιδαγωγική,Νηπιαγωγών,
9,Αριστοτέλειο Πανεπιστήμιο Θεσσαλονίκης,ΑΠΘ,Επιστήμης Φυσικής Αγωγής και Αθλητισμού,Επιστήμης Φυσικής Αγωγής και Αθλητισμού (Θεσσαλονίκη),
9,Αριστοτέλειο Πανεπιστήμιο Θεσσαλονίκης,ΑΠΘ,Επιστήμης Φυσικής Αγωγής και Αθλητισμού,Επιστήμης Φυσικής Αγωγής και Αθλητισμού (Σέρρες),
9,Αριστοτέλειο Πανεπιστήμιο Θεσσαλονίκης,ΑΠΘ,"Γεωπονίας, Δασολογίας και Φυσικού Περιβάλλοντος",Γεωπονίας,
9,Αριστοτέλειο Πανεπιστήμιο Θεσσαλονίκης,ΑΠΘ,"Γεωπονίας, Δασολογίας και Φυσικού Περιβάλλοντος",Δασολογίας και Φυσικού Περιβάλλοντος,
10,Πανεπιστήμιο Μακεδονίας,ΠΑ.ΜΑΚ,Οικονομικών και Περιφερειακών Σπουδών,Οικονομικών Επιστημών,
10,Πανεπιστήμιο Μακεδονίας,ΠΑ.ΜΑΚ,Οικονομικών και Περιφερειακών Σπουδών,"Βαλκανικών, Σλαβικών και Ανατολικών Σπουδών",
10,Πανεπιστήμιο Μακεδονίας,ΠΑ.ΜΑΚ,Επιστημών Διοίκησης Επιχειρήσεων,Οργάνωσης και Διοίκησης Επιχειρήσεων,
10,Πανεπιστήμιο Μακεδονίας,ΠΑ.ΜΑΚ,Επιστημών Διοίκησης Επιχειρήσεων,Λογιστικής και Χρηματοοικονομικής,
10,Πανεπιστήμιο Μακεδονίας,ΠΑ.ΜΑΚ,Επιστημών Πληροφορίας,Εφαρμοσμένης Πληροφορικής,
10,Πανεπιστήμιο Μακεδονίας,ΠΑ.ΜΑΚ,"Κοινωνικών, Ανθρωπιστικών Επιστημών και Τεχνών",Διεθνών και Ευρωπαϊκών Σπουδών,
10,Πανεπιστήμιο Μακεδονίας,ΠΑ.ΜΑΚ,"Κοινωνικών, Ανθρωπιστικών Επιστημών και Τεχνών",Εκπαιδευτικής και Κοινωνικής Πολιτικής,
10,Πανεπιστήμιο Μακεδονίας,ΠΑ.ΜΑΚ,"Κοινωνικών, Ανθρωπιστικών Επιστημών και Τεχνών",Μουσικής Επιστήμης και Τέχνης,
11,Πανεπιστήμιο Δυτικής Μακεδονίας,,Πολυτεχνική Σχολή,Ηλεκτρολόγων Μηχανικών και Μηχανικών Υπολογιστών,
11,Πανεπιστήμιο Δυτικής Μακεδονίας,,Πολυτεχνική Σχολή,Μηχανικών Ορυκτών Πόρων,
11,Πανεπιστήμιο Δυτικής Μακεδονίας,,Πολυτεχνική Σχολή,Μηχανικών Σχεδίασης Προϊόντων και Συστημάτων,
11,Πανεπιστήμιο Δυτικής Μακεδονίας,,Πολυτεχνική Σχολή,Μηχανολόγων Μηχανικών,
11,Πανεπιστήμιο Δυτικής Μακεδονίας,,Πολυτεχνική Σχολή,Χημικών Μηχανικών,
11,Πανεπιστήμιο Δυτικής Μακεδονίας,,Σχολή Οικονομικών Επιστημών,Διεθνών και Ευρωπαϊκών Οικονομικών Σπουδών,
11,Πανεπιστήμιο Δυτικής Μακεδονίας,,Σχολή Οικονομικών Επιστημών,Διοικητικής Επιστήμης και Τεχνολογίας,
11,Πανεπιστήμιο Δυτικής Μακεδονίας,,Σχολή Οικονομικών Επιστημών,Λογιστικής και Χρηματοοικονομικής,
11,Πανεπιστήμιο Δυτικής Μακεδονίας,,Σχολή Οικονομικών Επιστημών,Οικονομικών Επιστημών,
11,Πανεπιστήμιο Δυτικής Μακεδονίας,,Σχολή Οικονομικών Επιστημών,Οργάνωσης και Διοίκησης Επιχειρήσεων,
11,Πανεπιστήμιο Δυτικής Μακεδονίας,,Σχολή Οικονομικών Επιστημών,Περιφερειακής και Διασυνοριακής Ανάπτυξης,
11,Πανεπιστήμιο Δυτικής Μακεδονίας,,Σχολή Οικονομικών Επιστημών,Στατιστικής,
11,Πανεπιστήμιο Δυτικής Μακεδονίας,,Σχολή Καλών Τεχνών,Εικαστικών και Εφαρμοσμένων Τεχνών,
11,Πανεπιστήμιο Δυτικής Μακεδονίας,,Σχολή Γεωπονικών Επιστημών,Γεωπονίας,
11,Πανεπιστήμιο Δυτικής Μακεδονίας,,Σχολή Κοινωνικών και Ανθρωπιστικών Επιστημών,Παιδαγωγικό Δημοτικής Εκπαίδευσης,
11,Πανεπιστήμιο Δυτικής Μακεδονίας,,Σχολή Κοινωνικών και Ανθρωπιστικών Επιστημών,Παιδαγωγικό Νηπιαγωγών,
11,Πανεπιστήμιο Δυτικής Μακεδονίας,,Σχολή Κοινωνικών και Ανθρωπιστικών Επιστημών,Ψυχολογίας,
11,Πανεπιστήμιο Δυτικής Μακεδονίας,,Σχολή Κοινωνικών και Ανθρωπιστικών Επιστημών,Επικοινωνίας και Ψηφιακών Μέσων,
11,Πανεπιστήμιο Δυτικής Μακεδονίας,,Σχολή Επιστημών Υγείας,Εργοθεραπείας,
11,Πανεπιστήμιο Δυτικής Μακεδονίας,,Σχολή Επιστημών Υγείας,Μαιευτικής,
11,Πανεπιστήμιο Δυτικής Μακεδονίας,,Σχολή Θετικών Επιστημών,Μαθηματικών,
11,Πανεπιστήμιο Δυτικής Μακεδονίας,,Σχολή Θετικών Επιστημών,Πληροφορικής,
12,Διεθνές Πανεπιστήμιο της Ελλάδος,ΔΙ.ΠΑ.Ε,Οικονομίας και Διοίκησης,Οργάνωσης και Διοίκησης Επιχειρήσεων,
12,Διεθνές Πανεπιστήμιο της Ελλάδος,ΔΙ.ΠΑ.Ε,Οικονομίας και Διοίκησης,Οικονομικών Επιστημών,
12,Διεθνές Πανεπιστήμιο της Ελλάδος,ΔΙ.ΠΑ.Ε,Οικονομίας και Διοίκησης,Διοίκησης Εφοδιαστικής Αλυσίδας,
12,Διεθνές Πανεπιστήμιο της Ελλάδος,ΔΙ.ΠΑ.Ε,Οικονομίας και Διοίκησης,Λογιστικής και Χρηματοοικονομικής,
12,Διεθνές Πανεπιστήμιο της Ελλάδος,ΔΙ.ΠΑ.Ε,Οικονομίας και Διοίκησης,"Διοίκησης Οργανισμών, Μάρκετινγκ και Τουρισμού",
12,Διεθνές Πανεπιστήμιο της Ελλάδος,ΔΙ.ΠΑ.Ε,Οικονομίας και Διοίκησης,Λογιστικής και Πληροφοριακών Συστημάτων,
12,Διεθνές Πανεπιστήμιο της Ελλάδος,ΔΙ.ΠΑ.Ε,Οικονομίας και Διοίκησης,Διοικητικής Επιστήμης και Τεχνολογίας,
12,Διεθνές Πανεπιστήμιο της Ελλάδος,ΔΙ.ΠΑ.Ε,Οικονομίας και Διοίκησης,Δημόσιας Διοίκησης,
12,Διεθνές Πανεπιστήμιο της Ελλάδος,ΔΙ.ΠΑ.Ε,Κοινωνικών Επιστημών,"Βιβλιοθηκονομίας, Αρχειονομίας και Συστημάτων Πληροφόρησης",
12,Διεθνές Πανεπιστήμιο της Ελλάδος,ΔΙ.ΠΑ.Ε,Κοινωνικών Επιστημών,Αγωγής και Φροντίδας στην Πρώιμη Παιδική Ηλικία,
12,Διεθνές Πανεπιστήμιο της Ελλάδος,ΔΙ.ΠΑ.Ε,Κοινωνικών Επιστημών,Ανατολικών Γλωσσών,
12,Διεθνές Πανεπιστήμιο της Ελλάδος,ΔΙ.ΠΑ.Ε,Επιστημών Υγείας,Μαιευτικής,
12,Διεθνές Πανεπιστήμιο της Ελλάδος,ΔΙ.ΠΑ.Ε,Επιστημών Υγείας,Βιοϊατρικών Επιστημών,
12,Διεθνές Πανεπιστήμιο της Ελλάδος,ΔΙ.ΠΑ.Ε,Επιστημών Υγείας,Φυσικοθεραπείας,
12,Διεθνές Πανεπιστήμιο της Ελλάδος,ΔΙ.ΠΑ.Ε,Επιστημών Υγείας,Νοσηλευτικής,
12,Διεθνές Πανεπιστήμιο της Ελλάδος,ΔΙ.ΠΑ.Ε,Μηχανικών,Μηχανολόγων Μηχανικών,
12,Διεθνές Πανεπιστήμιο της Ελλάδος,ΔΙ.ΠΑ.Ε,Μηχανικών,Μηχανικών Τοπογραφίας και Γεωπληροφορικής,
12,Διεθνές Πανεπιστήμιο της Ελλάδος,ΔΙ.ΠΑ.Ε,Μηχανικών,Πολιτικών Μηχανικών,
12,Διεθνές Πανεπιστήμιο της Ελλάδος,ΔΙ.ΠΑ.Ε,Μηχανικών,"Μηχανικών Πληροφορικής, Υπολογιστών και Τηλεπικοινωνιών",
12,Διεθνές Πανεπιστήμιο της Ελλάδος,ΔΙ.ΠΑ.Ε,Μηχανικών,Μηχανικών Περιβάλλοντος,
12,Διεθνές Πανεπιστήμιο της Ελλάδος,ΔΙ.ΠΑ.Ε,Μηχανικών,Μηχανικών Παραγωγής και Διοίκησης,
12,Διεθνές Πανεπιστήμιο της Ελλάδος,ΔΙ.ΠΑ.Ε,Μηχανικών,Μηχανικών Πληροφορικής και Ηλεκτρονικών Συστημάτων,
12,Διεθνές Πανεπιστήμιο της Ελλάδος,ΔΙ.ΠΑ.Ε,Επιστημών Σχεδιασμού,Εσωτερικής Αρχιτεκτονικής,
12,Διεθνές Πανεπιστήμιο της Ελλάδος,ΔΙ.ΠΑ.Ε,Επιστημών Σχεδιασμού,Δημιουργικού Σχεδιασμού και Ένδυσης,
12,Διεθνές Πανεπιστήμιο της Ελλάδος,ΔΙ.ΠΑ.Ε,Θετικών Επιστημών,Φυσικής,
12,Διεθνές Πανεπιστήμιο της Ελλάδος,ΔΙ.ΠΑ.Ε,Θετικών Επιστημών,Χημείας,
12,Διεθνές Πανεπιστήμιο της Ελλάδος,ΔΙ.ΠΑ.Ε,Θετικών Επιστημών,Πληροφορικής,
12,Διεθνές Πανεπιστήμιο της Ελλάδος,ΔΙ.ΠΑ.Ε,Θετικών Επιστημών,Γεωλογίας,
12,Διεθνές Πανεπιστήμιο της Ελλάδος,ΔΙ.ΠΑ.Ε,Γεωτεχνικών Επιστημών,Γεωπονίας,Τα τμήματα Δασολογίας και Αμπελουργίας-Οινολογίας Δράμας εντάχθηκαν στο ΔΠΘ (2024).
12,Διεθνές Πανεπιστήμιο της Ελλάδος,ΔΙ.ΠΑ.Ε,Γεωτεχνικών Επιστημών,Επιστήμης και Τεχνολογίας Τροφίμων,Τα τμήματα Δασολογίας και Αμπελουργίας-Οινολογίας Δράμας εντάχθηκαν στο ΔΠΘ (2024).
12,Διεθνές Πανεπιστήμιο της Ελλάδος,ΔΙ.ΠΑ.Ε,"Ανθρωπιστικών, Κοινωνικών και Οικονομικών Σπουδών (ΠΚΔΠΣ)","Αγγλόφωνα προγράμματα Humanities, Social Sciences & Economics",Πανεπιστημιακό Κέντρο Διεθνών Προγραμμάτων Σπουδών – αποκλειστικά αγγλόφωνα προγράμματα.
12,Διεθνές Πανεπιστήμιο της Ελλάδος,ΔΙ.ΠΑ.Ε,Επιστήμης και Τεχνολογίας (ΠΚΔΠΣ),Αγγλόφωνα προγράμματα Science & Technology,Πανεπιστημιακό Κέντρο Διεθνών Προγραμμάτων Σπουδών – αποκλειστικά αγγλόφωνα προγράμματα.
13,Δημοκρίτειο Πανεπιστήμιο Θράκης,Δ.Π.Θ,Νομική,Νομικής,Μονοτμηματική σχολή.
13,Δημοκρίτειο Πανεπιστήμιο Θράκης,Δ.Π.Θ,"Επιστήμης Φυσικής Αγωγής, Αθλητισμού και Εργοθεραπείας",Επιστήμης Φυσικής Αγωγής και Αθλητισμού,
13,Δημοκρίτειο Πανεπιστήμιο Θράκης,Δ.Π.Θ,"Επιστήμης Φυσικής Αγωγής, Αθλητισμού και Εργοθεραπείας",Εργοθεραπείας,
13,Δημοκρίτειο Πανεπιστήμιο Θράκης,Δ.Π.Θ,Ανθρωπιστικών Επιστημών,Ανθρωπιστικών Σπουδών,"Μετονομάστηκε από Κλασικών και Ανθρωπιστικών Σπουδών· έγινε μονοτμηματική (συγχώνευση Φιλολογίας, Ιστορίας-Εθνολογίας, Γλώσσας-Φιλολογίας Παρευξείνιων Χωρών)."
13,Δημοκρίτειο Πανεπιστήμιο Θράκης,Δ.Π.Θ,"Κοινωνικών, Πολιτικών και Οικονομικών Επιστημών",Κοινωνικής Πολιτικής,Πλήρης λίστα τμημάτων χρειάζεται τελική επιβεβαίωση στο duth.gr.
13,Δημοκρίτειο Πανεπιστήμιο Θράκης,Δ.Π.Θ,"Κοινωνικών, Πολιτικών και Οικονομικών Επιστημών",Κοινωνικής Εργασίας,Πλήρης λίστα τμημάτων χρειάζεται τελική επιβεβαίωση στο duth.gr.
13,Δημοκρίτειο Πανεπιστήμιο Θράκης,Δ.Π.Θ,"Κοινωνικών, Πολιτικών και Οικονομικών Επιστημών",Οικονομικών Επιστημών,Πλήρης λίστα τμημάτων χρειάζεται τελική επιβεβαίωση στο duth.gr.
13,Δημοκρίτειο Πανεπιστήμιο Θράκης,Δ.Π.Θ,"Κοινωνικών, Πολιτικών και Οικονομικών Επιστημών",Πολιτικής Επιστήμης,Πλήρης λίστα τμημάτων χρειάζεται τελική επιβεβαίωση στο duth.gr.
13,Δημοκρίτειο Πανεπιστήμιο Θράκης,Δ.Π.Θ,Επιστημών Υγείας,Ιατρικής,
13,Δημοκρίτειο Πανεπιστήμιο Θράκης,Δ.Π.Θ,Επιστημών Υγείας,Νοσηλευτικής,
13,Δημοκρίτειο Πανεπιστήμιο Θράκης,Δ.Π.Θ,Επιστημών Αγωγής,Επιστημών της Εκπαίδευσης στην Προσχολική Ηλικία,Πλήρης λίστα χρειάζεται τελική επιβεβαίωση.
13,Δημοκρίτειο Πανεπιστήμιο Θράκης,Δ.Π.Θ,Επιστημών Αγωγής,Ψυχολογίας,Πλήρης λίστα χρειάζεται τελική επιβεβαίωση.
13,Δημοκρίτειο Πανεπιστήμιο Θράκης,Δ.Π.Θ,Επιστημών Αγωγής,Παιδαγωγικό Δημοτικής Εκπαίδευσης,Πλήρης λίστα χρειάζεται τελική επιβεβαίωση.
13,Δημοκρίτειο Πανεπιστήμιο Θράκης,Δ.Π.Θ,Επιστημών Γεωπονίας και Δασολογίας,Αγροτικής Ανάπτυξης,"Τα δύο τελευταία εντάχθηκαν από τη Σχολή Γεωτεχνικών Επιστημών του ΔΙΠΑΕ (νόμος 5049, 2024)."
13,Δημοκρίτειο Πανεπιστήμιο Θράκης,Δ.Π.Θ,Επιστημών Γεωπονίας και Δασολογίας,Δασολογίας και Διαχείρισης Περιβάλλοντος και Φυσικών Πόρων,"Τα δύο τελευταία εντάχθηκαν από τη Σχολή Γεωτεχνικών Επιστημών του ΔΙΠΑΕ (νόμος 5049, 2024)."
13,Δημοκρίτειο Πανεπιστήμιο Θράκης,Δ.Π.Θ,Επιστημών Γεωπονίας και Δασολογίας,Αμπελουργίας και Οινολογίας (Δράμα),"Τα δύο τελευταία εντάχθηκαν από τη Σχολή Γεωτεχνικών Επιστημών του ΔΙΠΑΕ (νόμος 5049, 2024)."
13,Δημοκρίτειο Πανεπιστήμιο Θράκης,Δ.Π.Θ,Επιστημών Γεωπονίας και Δασολογίας,Δασολογίας και Φυσικού Περιβάλλοντος (Δράμα),"Τα δύο τελευταία εντάχθηκαν από τη Σχολή Γεωτεχνικών Επιστημών του ΔΙΠΑΕ (νόμος 5049, 2024)."
13,Δημοκρίτειο Πανεπιστήμιο Θράκης,Δ.Π.Θ,Πολυτεχνική Σχολή,Αρχιτεκτόνων Μηχανικών,"Τα τελευταία τμήματα (Διοικητικής Επιστήμης, Πληροφορικής, Φυσικής, Χημείας) εντάχθηκαν από το ΔΙΠΑΕ."
13,Δημοκρίτειο Πανεπιστήμιο Θράκης,Δ.Π.Θ,Πολυτεχνική Σχολή,Ηλεκτρολόγων Μηχανικών και Μηχανικών Υπολογιστών,"Τα τελευταία τμήματα (Διοικητικής Επιστήμης, Πληροφορικής, Φυσικής, Χημείας) εντάχθηκαν από το ΔΙΠΑΕ."
13,Δημοκρίτειο Πανεπιστήμιο Θράκης,Δ.Π.Θ,Πολυτεχνική Σχολή,Πολιτικών Μηχανικών,"Τα τελευταία τμήματα (Διοικητικής Επιστήμης, Πληροφορικής, Φυσικής, Χημείας) εντάχθηκαν από το ΔΙΠΑΕ."
13,Δημοκρίτειο Πανεπιστήμιο Θράκης,Δ.Π.Θ,Πολυτεχνική Σχολή,Μηχανικών Περιβάλλοντος,"Τα τελευταία τμήματα (Διοικητικής Επιστήμης, Πληροφορικής, Φυσικής, Χημείας) εντάχθηκαν από το ΔΙΠΑΕ."
13,Δημοκρίτειο Πανεπιστήμιο Θράκης,Δ.Π.Θ,Πολυτεχνική Σχολή,Μηχανικών Παραγωγής και Διοίκησης,"Τα τελευταία τμήματα (Διοικητικής Επιστήμης, Πληροφορικής, Φυσικής, Χημείας) εντάχθηκαν από το ΔΙΠΑΕ."
13,Δημοκρίτειο Πανεπιστήμιο Θράκης,Δ.Π.Θ,Διοικητικής Επιστήμης και Λογιστικής,Διοικητικής Επιστήμης και Τεχνολογίας,"Τα τελευταία τμήματα (Διοικητικής Επιστήμης, Πληροφορικής, Φυσικής, Χημείας) εντάχθηκαν από το ΔΙΠΑΕ."
13,Δημοκρίτειο Πανεπιστήμιο Θράκης,Δ.Π.Θ,Σχολή Θετικών Επιστημών,Πληροφορικής,"Τα τελευταία τμήματα (Διοικητικής Επιστήμης, Πληροφορικής, Φυσικής, Χημείας) εντάχθηκαν από το ΔΙΠΑΕ."
13,Δημοκρίτειο Πανεπιστήμιο Θράκης,Δ.Π.Θ,Σχολή Θετικών Επιστημών,Φυσικής,"Τα τελευταία τμήματα (Διοικητικής Επιστήμης, Πληροφορικής, Φυσικής, Χημείας) εντάχθηκαν από το ΔΙΠΑΕ."
13,Δημοκρίτειο Πανεπιστήμιο Θράκης,Δ.Π.Θ,Σχολή Θετικών Επιστημών,Χημείας,"Τα τελευταία τμήματα (Διοικητικής Επιστήμης, Πληροφορικής, Φυσικής, Χημείας) εντάχθηκαν από το ΔΙΠΑΕ."
14,Πανεπιστήμιο Ιωαννίνων,,Φιλοσοφική,Φιλολογίας,
14,Πανεπιστήμιο Ιωαννίνων,,Φιλοσοφική,Ιστορίας και Αρχαιολογίας,
14,Πανεπιστήμιο Ιωαννίνων,,Φιλοσοφική,Φιλοσοφίας,
14,Πανεπιστήμιο Ιωαννίνων,,Θετικών Επιστημών,Μαθηματικών,
14,Πανεπιστήμιο Ιωαννίνων,,Θετικών Επιστημών,Φυσικής,
14,Πανεπιστήμιο Ιωαννίνων,,Θετικών Επιστημών,Χημείας,
14,Πανεπιστήμιο Ιωαννίνων,,Επιστημών Υγείας,Ιατρικής,
14,Πανεπιστήμιο Ιωαννίνων,,Επιστημών Υγείας,Βιολογικών Εφαρμογών και Τεχνολογιών,
14,Πανεπιστήμιο Ιωαννίνων,,Επιστημών Υγείας,Νοσηλευτικής,
14,Πανεπιστήμιο Ιωαννίνων,,Επιστημών Υγείας,Λογοθεραπείας,
14,Πανεπιστήμιο Ιωαννίνων,,Επιστημών Αγωγής,Παιδαγωγικό Δημοτικής Εκπαίδευσης,
14,Πανεπιστήμιο Ιωαννίνων,,Επιστημών Αγωγής,Παιδαγωγικό Νηπιαγωγών,
14,Πανεπιστήμιο Ιωαννίνων,,Οικονομικών και Διοικητικών Επιστημών,Οικονομικών Επιστημών,
14,Πανεπιστήμιο Ιωαννίνων,,Οικονομικών και Διοικητικών Επιστημών,Λογιστικής και Χρηματοοικονομικής,
14,Πανεπιστήμιο Ιωαννίνων,,Κοινωνικών Επιστημών,Ψυχολογίας,Πλήρης λίστα χρειάζεται τελική επιβεβαίωση.
14,Πανεπιστήμιο Ιωαννίνων,,Κοινωνικών Επιστημών,Αγωγής και Φροντίδας στην Πρώιμη Παιδική Ηλικία,Πλήρης λίστα χρειάζεται τελική επιβεβαίωση.
14,Πανεπιστήμιο Ιωαννίνων,,Κοινωνικών Επιστημών,Μετάφρασης & Διερμηνείας,Πλήρης λίστα χρειάζεται τελική επιβεβαίωση.
14,Πανεπιστήμιο Ιωαννίνων,,Καλών Τεχνών,Εικαστικών Τεχνών και Επιστημών της Τέχνης,
14,Πανεπιστήμιο Ιωαννίνων,,Μουσικών Σπουδών,Μουσικών Σπουδών,
14,Πανεπιστήμιο Ιωαννίνων,,Γεωπονίας,Γεωπονίας,
14,Πανεπιστήμιο Ιωαννίνων,,Πληροφορικής και Τηλεπικοινωνιών,Πληροφορικής και Τηλεπικοινωνιών,
14,Πανεπιστήμιο Ιωαννίνων,,Πολυτεχνική Σχολή,Μηχανικών Επιστήμης Υλικών,
14,Πανεπιστήμιο Ιωαννίνων,,Πολυτεχνική Σχολή,Μηχανικών Η/Υ και Πληροφορικής,
14,Πανεπιστήμιο Ιωαννίνων,,Πολυτεχνική Σχολή,Αρχιτεκτόνων Μηχανικών,
15,Πανεπιστήμιο Θεσσαλίας,,Πολυτεχνική Σχολή,Αρχιτεκτόνων Μηχανικών,
15,Πανεπιστήμιο Θεσσαλίας,,Πολυτεχνική Σχολή,Πολιτικών Μηχανικών,
15,Πανεπιστήμιο Θεσσαλίας,,Πολυτεχνική Σχολή,Ηλεκτρολόγων Μηχανικών και Μηχανικών Υπολογιστών,
15,Πανεπιστήμιο Θεσσαλίας,,Πολυτεχνική Σχολή,Μηχανολόγων Μηχανικών,
15,Πανεπιστήμιο Θεσσαλίας,,Πολυτεχνική Σχολή,"Μηχανικών Χωροταξίας, Πολεοδομίας και Περιφερειακής Ανάπτυξης",
15,Πανεπιστήμιο Θεσσαλίας,,Ανθρωπιστικών και Κοινωνικών Επιστημών,"Πολιτισμού, Δημιουργικών Μέσων και Βιομηχανιών",
15,Πανεπιστήμιο Θεσσαλίας,,Ανθρωπιστικών και Κοινωνικών Επιστημών,Παιδαγωγικό Προσχολικής Εκπαίδευσης,
15,Πανεπιστήμιο Θεσσαλίας,,Ανθρωπιστικών και Κοινωνικών Επιστημών,"Ιστορίας, Αρχαιολογίας και Κοινωνικής Ανθρωπολογίας",
15,Πανεπιστήμιο Θεσσαλίας,,Ανθρωπιστικών και Κοινωνικών Επιστημών,Γλωσσικών και Διαπολιτισμικών Σπουδών,
15,Πανεπιστήμιο Θεσσαλίας,,Ανθρωπιστικών και Κοινωνικών Επιστημών,Ειδικής Αγωγής,
15,Πανεπιστήμιο Θεσσαλίας,,Ανθρωπιστικών και Κοινωνικών Επιστημών,Παιδαγωγικό Δημοτικής Εκπαίδευσης,
15,Πανεπιστήμιο Θεσσαλίας,,"Επιστημών Φυσικής Αγωγής, Αθλητισμού και Διαιτολογίας",Διαιτολογίας και Διατροφολογίας,
15,Πανεπιστήμιο Θεσσαλίας,,"Επιστημών Φυσικής Αγωγής, Αθλητισμού και Διαιτολογίας",Επιστήμης Φυσικής Αγωγής και Αθλητισμού,
15,Πανεπιστήμιο Θεσσαλίας,,Επιστημών Υγείας,Βιοχημείας και Βιοτεχνολογίας,
15,Πανεπιστήμιο Θεσσαλίας,,Επιστημών Υγείας,Νοσηλευτικής,
15,Πανεπιστήμιο Θεσσαλίας,,Επιστημών Υγείας,Φυσικοθεραπείας,
15,Πανεπιστήμιο Θεσσαλίας,,Επιστημών Υγείας,Δημόσιας και Ενιαίας Υγείας,
15,Πανεπιστήμιο Θεσσαλίας,,Επιστημών Υγείας,Ιατρικής,
15,Πανεπιστήμιο Θεσσαλίας,,Επιστημών Υγείας,Κτηνιατρικής,
15,Πανεπιστήμιο Θεσσαλίας,,Οικονομικών και Διοικητικών Επιστημών,Λογιστικής και Χρηματοοικονομικής,
15,Πανεπιστήμιο Θεσσαλίας,,Οικονομικών και Διοικητικών Επιστημών,Διοίκησης Επιχειρήσεων,
15,Πανεπιστήμιο Θεσσαλίας,,Οικονομικών και Διοικητικών Επιστημών,Οικονομικών Επιστημών,
15,Πανεπιστήμιο Θεσσαλίας,,Τεχνολογίας,Ενεργειακών Συστημάτων,
15,Πανεπιστήμιο Θεσσαλίας,,Τεχνολογίας,Περιβαλλοντικών Επιστημών,
15,Πανεπιστήμιο Θεσσαλίας,,Τεχνολογίας,"Δασολογίας, Επιστημών Ξύλου και Σχεδιασμού",
15,Πανεπιστήμιο Θεσσαλίας,,Τεχνολογίας,Ψηφιακών Συστημάτων,
15,Πανεπιστήμιο Θεσσαλίας,,Γεωπονικών Επιστημών,Γεωπονίας Φυτικής Παραγωγής και Αγροτικού Περιβάλλοντος,
15,Πανεπιστήμιο Θεσσαλίας,,Γεωπονικών Επιστημών,Γεωπονίας Ιχθυολογίας και Υδάτινου Περιβάλλοντος,
15,Πανεπιστήμιο Θεσσαλίας,,Γεωπονικών Επιστημών,Γεωπονίας – Αγροτεχνολογίας,
15,Πανεπιστήμιο Θεσσαλίας,,Γεωπονικών Επιστημών,Επιστήμης Ζωικής Παραγωγής,
15,Πανεπιστήμιο Θεσσαλίας,,Γεωπονικών Επιστημών,Επιστήμης Τροφίμων και Διατροφής,
15,Πανεπιστήμιο Θεσσαλίας,,Θετικών Επιστημών,Επιστήμης Υπολογιστών και Βιοϊατρικής Πληροφορικής,
15,Πανεπιστήμιο Θεσσαλίας,,Θετικών Επιστημών,Πληροφορικής και Τηλεπικοινωνιών,
15,Πανεπιστήμιο Θεσσαλίας,,Θετικών Επιστημών,Μαθηματικών,
15,Πανεπιστήμιο Θεσσαλίας,,Θετικών Επιστημών,Φυσικής,
16,Πανεπιστήμιο Πελοποννήσου,,Οικονομίας και Τεχνολογίας,Διοικητικής Επιστήμης και Τεχνολογίας,
16,Πανεπιστήμιο Πελοποννήσου,,Οικονομίας και Τεχνολογίας,Ψηφιακών Συστημάτων,
16,Πανεπιστήμιο Πελοποννήσου,,Οικονομίας και Τεχνολογίας,Πληροφορικής και Τηλεπικοινωνιών,
16,Πανεπιστήμιο Πελοποννήσου,,Οικονομίας και Τεχνολογίας,Οικονομικών Επιστημών,
16,Πανεπιστήμιο Πελοποννήσου,,Ανθρωπιστικών Επιστημών και Πολιτισμικών Σπουδών,Φιλολογίας,
16,Πανεπιστήμιο Πελοποννήσου,,Ανθρωπιστικών Επιστημών και Πολιτισμικών Σπουδών,"Ιστορίας, Αρχαιολογίας και Διαχείρισης Πολιτισμικών Αγαθών",
16,Πανεπιστήμιο Πελοποννήσου,,Κοινωνικών και Πολιτικών Επιστημών,Κοινωνικής και Εκπαιδευτικής Πολιτικής,
16,Πανεπιστήμιο Πελοποννήσου,,Κοινωνικών και Πολιτικών Επιστημών,Πολιτικής Επιστήμης και Διεθνών Σχέσεων,
16,Πανεπιστήμιο Πελοποννήσου,,Καλών Τεχνών,Θεατρικών Σπουδών,
16,Πανεπιστήμιο Πελοποννήσου,,Καλών Τεχνών,Ψηφιακών και Παραστατικών Τεχνών,
16,Πανεπιστήμιο Πελοποννήσου,,Επιστημών Ανθρώπινης Κίνησης και Ποιότητας Ζωής,Οργάνωσης και Διαχείρισης Αθλητισμού,
16,Πανεπιστήμιο Πελοποννήσου,,Γεωπονίας και Τροφίμων,Γεωπονίας,
16,Πανεπιστήμιο Πελοποννήσου,,Γεωπονίας και Τροφίμων,Επιστήμης και Τεχνολογίας Τροφίμων,
16,Πανεπιστήμιο Πελοποννήσου,,Διοίκησης,Διοίκησης Επιχειρήσεων και Οργανισμών,
16,Πανεπιστήμιο Πελοποννήσου,,Διοίκησης,Λογιστικής και Χρηματοοικονομικής,
16,Πανεπιστήμιο Πελοποννήσου,,Επιστημών Υγείας,Επιστήμης Διατροφής και Διαιτολογίας,
16,Πανεπιστήμιο Πελοποννήσου,,Επιστημών Υγείας,Φυσικοθεραπείας,
16,Πανεπιστήμιο Πελοποννήσου,,Επιστημών Υγείας,Νοσηλευτικής,
16,Πανεπιστήμιο Πελοποννήσου,,Επιστημών Υγείας,Λογοθεραπείας,
16,Πανεπιστήμιο Πελοποννήσου,,Μηχανικών,Πολιτικών Μηχανικών,Από το 2024 ξεχωριστή από την Πολυτεχνική Σχολή.
16,Πανεπιστήμιο Πελοποννήσου,,Πολυτεχνική Σχολή,Ηλεκτρολόγων Μηχανικών και Μηχανικών Υπολογιστών,Νέα σχολή (2024) – πρώην μέρος της Σχολής Μηχανικών.
16,Πανεπιστήμιο Πελοποννήσου,,Πολυτεχνική Σχολή,Μηχανολόγων Μηχανικών,Νέα σχολή (2024) – πρώην μέρος της Σχολής Μηχανικών.
17,Πανεπιστήμιο Πατρών,,Θετικών Επιστημών,Βιολογίας,
17,Πανεπιστήμιο Πατρών,,Θετικών Επιστημών,Γεωλογίας,
17,Πανεπιστήμιο Πατρών,,Θετικών Επιστημών,Μαθηματικών,
17,Πανεπιστήμιο Πατρών,,Θετικών Επιστημών,Φυσικής,
17,Πανεπιστήμιο Πατρών,,Θετικών Επιστημών,Χημείας,
17,Πανεπιστήμιο Πατρών,,Θετικών Επιστημών,Επιστήμης των Υλικών,
17,Πανεπιστήμιο Πατρών,,Πολυτεχνική Σχολή,Ηλεκτρολόγων Μηχανικών και Τεχνολογίας Υπολογιστών,
17,Πανεπιστήμιο Πατρών,,Πολυτεχνική Σχολή,Μηχανολόγων και Αεροναυπηγών Μηχανικών,
17,Πανεπιστήμιο Πατρών,,Πολυτεχνική Σχολή,Μηχανικών Η/Υ και Πληροφορικής,
17,Πανεπιστήμιο Πατρών,,Πολυτεχνική Σχολή,Χημικών Μηχανικών,
17,Πανεπιστήμιο Πατρών,,Πολυτεχνική Σχολή,Πολιτικών Μηχανικών,
17,Πανεπιστήμιο Πατρών,,Πολυτεχνική Σχολή,Αρχιτεκτόνων Μηχανικών,
17,Πανεπιστήμιο Πατρών,,Επιστημών Υγείας,Ιατρικής,
17,Πανεπιστήμιο Πατρών,,Επιστημών Υγείας,Φαρμακευτικής,
17,Πανεπιστήμιο Πατρών,,Ανθρωπιστικών και Κοινωνικών Επιστημών,Επιστημών της Εκπαίδευσης και Κοινωνικής Εργασίας,
17,Πανεπιστήμιο Πατρών,,Ανθρωπιστικών και Κοινωνικών Επιστημών,Επιστημών της Εκπαίδευσης και της Αγωγής στην Προσχολική Ηλικία,
17,Πανεπιστήμιο Πατρών,,Ανθρωπιστικών και Κοινωνικών Επιστημών,Θεατρικών Σπουδών,
17,Πανεπιστήμιο Πατρών,,Ανθρωπιστικών και Κοινωνικών Επιστημών,Ιστορίας-Αρχαιολογίας,
17,Πανεπιστήμιο Πατρών,,Ανθρωπιστικών και Κοινωνικών Επιστημών,Φιλολογίας,
17,Πανεπιστήμιο Πατρών,,Ανθρωπιστικών και Κοινωνικών Επιστημών,Φιλοσοφίας,
17,Πανεπιστήμιο Πατρών,,Οικονομικών Επιστημών και Διοίκησης Επιχειρήσεων,Οικονομικών Επιστημών,
17,Πανεπιστήμιο Πατρών,,Οικονομικών Επιστημών και Διοίκησης Επιχειρήσεων,Διοίκησης Επιχειρήσεων,
17,Πανεπιστήμιο Πατρών,,Οικονομικών Επιστημών και Διοίκησης Επιχειρήσεων,Διοικητικής Επιστήμης και Τεχνολογίας,
17,Πανεπιστήμιο Πατρών,,Οικονομικών Επιστημών και Διοίκησης Επιχειρήσεων,Διοίκησης Τουρισμού,
17,Πανεπιστήμιο Πατρών,,Γεωπονικών Επιστημών,Επιστήμης Βιοσυστημάτων και Γεωργικής Μηχανικής,Σχολή με έδρα Αγρίνιο/Μεσολόγγι. Ορισμένα τμήματα ιδρύθηκαν το 2019· πλήρης λίστα χρειάζεται τελική επιβεβαίωση.
17,Πανεπιστήμιο Πατρών,,Γεωπονικών Επιστημών,Επιστήμης και Τεχνολογίας Τροφίμων,Σχολή με έδρα Αγρίνιο/Μεσολόγγι. Ορισμένα τμήματα ιδρύθηκαν το 2019· πλήρης λίστα χρειάζεται τελική επιβεβαίωση.
17,Πανεπιστήμιο Πατρών,,Γεωπονικών Επιστημών,Επιστήμης Φυτικής Παραγωγής,Σχολή με έδρα Αγρίνιο/Μεσολόγγι. Ορισμένα τμήματα ιδρύθηκαν το 2019· πλήρης λίστα χρειάζεται τελική επιβεβαίωση.
17,Πανεπιστήμιο Πατρών,,Γεωπονικών Επιστημών,"Ζωικής Παραγωγής, Αλιείας και Υδατοκαλλιεργειών",Σχολή με έδρα Αγρίνιο/Μεσολόγγι. Ορισμένα τμήματα ιδρύθηκαν το 2019· πλήρης λίστα χρειάζεται τελική επιβεβαίωση.
17,Πανεπιστήμιο Πατρών,,Επιστημών Αποκατάστασης Υγείας,Νοσηλευτικής,Σχολή με έδρες Πάτρα/Αίγιο/Πύργο· πλήρης λίστα χρειάζεται τελική επιβεβαίωση.
17,Πανεπιστήμιο Πατρών,,Επιστημών Αποκατάστασης Υγείας,Φυσικοθεραπείας,Σχολή με έδρες Πάτρα/Αίγιο/Πύργο· πλήρης λίστα χρειάζεται τελική επιβεβαίωση.
17,Πανεπιστήμιο Πατρών,,Επιστημών Αποκατάστασης Υγείας,Λογοθεραπείας,Σχολή με έδρες Πάτρα/Αίγιο/Πύργο· πλήρης λίστα χρειάζεται τελική επιβεβαίωση.
17,Πανεπιστήμιο Πατρών,,Επιστημών Αποκατάστασης Υγείας,Επιστήμης Φυσικής Αγωγής και Αθλητισμού,Σχολή με έδρες Πάτρα/Αίγιο/Πύργο· πλήρης λίστα χρειάζεται τελική επιβεβαίωση.
18,Πανεπιστήμιο Αιγαίου,,Ανθρωπιστικών Επιστημών,Παιδαγωγικό Δημοτικής Εκπαίδευσης,
18,Πανεπιστήμιο Αιγαίου,,Ανθρωπιστικών Επιστημών,Επιστημών της Προσχολικής Αγωγής και του Εκπαιδευτικού Σχεδιασμού,
18,Πανεπιστήμιο Αιγαίου,,Ανθρωπιστικών Επιστημών,Μεσογειακών Σπουδών,
18,Πανεπιστήμιο Αιγαίου,,Επιστημών της Διοίκησης,Διοίκησης Επιχειρήσεων,
18,Πανεπιστήμιο Αιγαίου,,Επιστημών της Διοίκησης,Ναυτιλίας και Επιχειρηματικών Υπηρεσιών,
18,Πανεπιστήμιο Αιγαίου,,Επιστημών της Διοίκησης,Οικονομικής και Διοίκησης Τουρισμού,
18,Πανεπιστήμιο Αιγαίου,,Θετικών Επιστημών,Μαθηματικών,
18,Πανεπιστήμιο Αιγαίου,,Θετικών Επιστημών,Στατιστικής και Αναλογιστικών – Χρηματοοικονομικών Μαθηματικών,
18,Πανεπιστήμιο Αιγαίου,,Κοινωνικών Επιστημών,Κοινωνικής Ανθρωπολογίας και Ιστορίας,
18,Πανεπιστήμιο Αιγαίου,,Κοινωνικών Επιστημών,Κοινωνιολογίας,
18,Πανεπιστήμιο Αιγαίου,,Κοινωνικών Επιστημών,Γεωγραφίας,
18,Πανεπιστήμιο Αιγαίου,,Κοινωνικών Επιστημών,Πολιτισμικής Τεχνολογίας και Επικοινωνίας,
18,Πανεπιστήμιο Αιγαίου,,Περιβάλλοντος,Περιβάλλοντος,
18,Πανεπιστήμιο Αιγαίου,,Περιβάλλοντος,Επιστήμης Τροφίμων και Διατροφής,
18,Πανεπιστήμιο Αιγαίου,,Περιβάλλοντος,Ωκεανογραφίας και Θαλασσίων Βιοεπιστημών,
18,Πανεπιστήμιο Αιγαίου,,Πολυτεχνική Σχολή,Μηχανικών Οικονομίας και Διοίκησης,
18,Πανεπιστήμιο Αιγαίου,,Πολυτεχνική Σχολή,Μηχανικών Πληροφοριακών και Επικοινωνιακών Συστημάτων,
18,Πανεπιστήμιο Αιγαίου,,Πολυτεχνική Σχολή,Μηχανικών Σχεδίασης Προϊόντων και Συστημάτων,
19,Ιόνιο Πανεπιστήμιο,,Ανθρωπιστικών Επιστημών,Ιστορίας και Ψηφιακών Ανθρωπιστικών Επιστημών,
19,Ιόνιο Πανεπιστήμιο,,Ανθρωπιστικών Επιστημών,"Ξένων Γλωσσών, Μετάφρασης και Διερμηνείας",
19,Ιόνιο Πανεπιστήμιο,,Επιστήμης της Πληροφορίας & Πληροφορικής,"Αρχειονομίας, Βιβλιοθηκονομίας και Μουσειολογίας",
19,Ιόνιο Πανεπιστήμιο,,Επιστήμης της Πληροφορίας & Πληροφορικής,Πληροφορικής,
19,Ιόνιο Πανεπιστήμιο,,Επιστήμης της Πληροφορίας & Πληροφορικής,Ψηφιακών Μέσων και Επικοινωνίας,
19,Ιόνιο Πανεπιστήμιο,,Μουσικής & Οπτικοακουστικών Τεχνών,Τεχνών Ήχου και Εικόνας,
19,Ιόνιο Πανεπιστήμιο,,Μουσικής & Οπτικοακουστικών Τεχνών,Μουσικών Σπουδών,
19,Ιόνιο Πανεπιστήμιο,,Μουσικής & Οπτικοακουστικών Τεχνών,Εθνομουσικολογίας,
19,Ιόνιο Πανεπιστήμιο,,Περιβάλλοντος,Περιβάλλοντος,
19,Ιόνιο Πανεπιστήμιο,,Περιβάλλοντος,Επιστήμης και Τεχνολογίας Τροφίμων,
19,Ιόνιο Πανεπιστήμιο,,Οικονομικών Επιστημών,Περιφερειακής Ανάπτυξης,
19,Ιόνιο Πανεπιστήμιο,,Οικονομικών Επιστημών,Τουρισμού,
20,Πανεπιστήμιο Κρήτης,,Φιλοσοφική,Φιλολογίας,
20,Πανεπιστήμιο Κρήτης,,Φιλοσοφική,Ιστορίας και Αρχαιολογίας,
20,Πανεπιστήμιο Κρήτης,,Φιλοσοφική,Φιλοσοφίας,
20,Πανεπιστήμιο Κρήτης,,Κοινωνικών Επιστημών,Κοινωνιολογίας,
20,Πανεπιστήμιο Κρήτης,,Κοινωνικών Επιστημών,Οικονομικών Επιστημών,
20,Πανεπιστήμιο Κρήτης,,Κοινωνικών Επιστημών,Πολιτικής Επιστήμης,
20,Πανεπιστήμιο Κρήτης,,Κοινωνικών Επιστημών,Ψυχολογίας,
20,Πανεπιστήμιο Κρήτης,,Επιστημών Αγωγής,Παιδαγωγικό Δημοτικής Εκπαίδευσης,
20,Πανεπιστήμιο Κρήτης,,Επιστημών Αγωγής,Παιδαγωγικό Προσχολικής Εκπαίδευσης,
20,Πανεπιστήμιο Κρήτης,,Θετικών και Τεχνολογικών Επιστημών,Φυσικής,
20,Πανεπιστήμιο Κρήτης,,Θετικών και Τεχνολογικών Επιστημών,Χημείας,
20,Πανεπιστήμιο Κρήτης,,Θετικών και Τεχνολογικών Επιστημών,Βιολογίας,
20,Πανεπιστήμιο Κρήτης,,Θετικών και Τεχνολογικών Επιστημών,Μαθηματικών και Εφαρμοσμένων Μαθηματικών,
20,Πανεπιστήμιο Κρήτης,,Θετικών και Τεχνολογικών Επιστημών,Επιστήμης Υπολογιστών,
20,Πανεπιστήμιο Κρήτης,,Θετικών και Τεχνολογικών Επιστημών,Επιστήμης και Μηχανικής Υλικών,
20,Πανεπιστήμιο Κρήτης,,Επιστημών Υγείας,Ιατρικής,
21,Πολυτεχνείο Κρήτης,,Μηχανικών Παραγωγής και Διοίκησης,Μηχανικών Παραγωγής και Διοίκησης,Μονοτμηματική σχολή.
21,Πολυτεχνείο Κρήτης,,Μηχανικών Ορυκτών Πόρων,Μηχανικών Ορυκτών Πόρων,Μονοτμηματική σχολή.
21,Πολυτεχνείο Κρήτης,,Ηλεκτρολόγων Μηχανικών και Μηχανικών Υπολογιστών,Ηλεκτρολόγων Μηχανικών και Μηχανικών Υπολογιστών,Μονοτμηματική σχολή.
21,Πολυτεχνείο Κρήτης,,Χημικών Μηχανικών και Μηχανικών Περιβάλλοντος,Χημικών Μηχανικών και Μηχανικών Περιβάλλοντος,Μονοτμηματική σχολή.
21,Πολυτεχνείο Κρήτης,,Αρχιτεκτόνων Μηχανικών,Αρχιτεκτόνων Μηχανικών,Μονοτμηματική σχολή.
22,Ελληνικό Μεσογειακό Πανεπιστήμιο,ΕΛ.ΜΕ.ΠΑ,Πολυτεχνική Σχολή,Ηλεκτρονικών Μηχανικών,Πλήρης λίστα χρειάζεται τελική επιβεβαίωση στο hmu.gr.
22,Ελληνικό Μεσογειακό Πανεπιστήμιο,ΕΛ.ΜΕ.ΠΑ,Πολυτεχνική Σχολή,Μηχανικών Φυσικών Πόρων και Περιβάλλοντος,Πλήρης λίστα χρειάζεται τελική επιβεβαίωση στο hmu.gr.
22,Ελληνικό Μεσογειακό Πανεπιστήμιο,ΕΛ.ΜΕ.ΠΑ,Πολυτεχνική Σχολή,Μηχανολόγων Μηχανικών,Πλήρης λίστα χρειάζεται τελική επιβεβαίωση στο hmu.gr.
22,Ελληνικό Μεσογειακό Πανεπιστήμιο,ΕΛ.ΜΕ.ΠΑ,Πολυτεχνική Σχολή,Ηλεκτρολόγων Μηχανικών και Μηχανικών Υπολογιστών,Πλήρης λίστα χρειάζεται τελική επιβεβαίωση στο hmu.gr.
22,Ελληνικό Μεσογειακό Πανεπιστήμιο,ΕΛ.ΜΕ.ΠΑ,Πολυτεχνική Σχολή,Πολιτικών Μηχανικών,Πλήρης λίστα χρειάζεται τελική επιβεβαίωση στο hmu.gr.
22,Ελληνικό Μεσογειακό Πανεπιστήμιο,ΕΛ.ΜΕ.ΠΑ,Επιστημών Διοίκησης και Οικονομίας,Διοίκησης Επιχειρήσεων και Τουρισμού,
22,Ελληνικό Μεσογειακό Πανεπιστήμιο,ΕΛ.ΜΕ.ΠΑ,Επιστημών Διοίκησης και Οικονομίας,Διοικητικής Επιστήμης και Τεχνολογίας,
22,Ελληνικό Μεσογειακό Πανεπιστήμιο,ΕΛ.ΜΕ.ΠΑ,Επιστημών Διοίκησης και Οικονομίας,Λογιστικής και Χρηματοοικονομικής,
22,Ελληνικό Μεσογειακό Πανεπιστήμιο,ΕΛ.ΜΕ.ΠΑ,Μουσικής και Οπτικοακουστικών Τεχνολογιών,Μηχανικών Μουσικής Τεχνολογίας και Ακουστικής,
22,Ελληνικό Μεσογειακό Πανεπιστήμιο,ΕΛ.ΜΕ.ΠΑ,Επιστημών Υγείας,Νοσηλευτικής,
22,Ελληνικό Μεσογειακό Πανεπιστήμιο,ΕΛ.ΜΕ.ΠΑ,Επιστημών Υγείας,Κοινωνικής Εργασίας,
22,Ελληνικό Μεσογειακό Πανεπιστήμιο,ΕΛ.ΜΕ.ΠΑ,Επιστημών Υγείας,Επιστημών Διατροφής και Διαιτολογίας,
22,Ελληνικό Μεσογειακό Πανεπιστήμιο,ΕΛ.ΜΕ.ΠΑ,Γεωπονικών Επιστημών,Γεωπονίας,
23,Ελληνικό Ανοικτό Πανεπιστήμιο,Ε.Α.Π,Ανθρωπιστικών Επιστημών,Σπουδές στον Ελληνικό Πολιτισμό,"Δομή σε Θεματικές Ενότητες/Προγράμματα Σπουδών, όχι παραδοσιακά «τμήματα»."
23,Ελληνικό Ανοικτό Πανεπιστήμιο,Ε.Α.Π,Ανθρωπιστικών Επιστημών,Σπουδές στον Ευρωπαϊκό Πολιτισμό,"Δομή σε Θεματικές Ενότητες/Προγράμματα Σπουδών, όχι παραδοσιακά «τμήματα»."
23,Ελληνικό Ανοικτό Πανεπιστήμιο,Ε.Α.Π,Κοινωνικών Επιστημών,Διοίκηση Επιχειρήσεων και Οργανισμών,Δομή σε Θεματικές Ενότητες/Προγράμματα Σπουδών.
23,Ελληνικό Ανοικτό Πανεπιστήμιο,Ε.Α.Π,Κοινωνικών Επιστημών,Σπουδές στις Φυσικές Επιστήμες (συναφή προγράμματα),Δομή σε Θεματικές Ενότητες/Προγράμματα Σπουδών.
23,Ελληνικό Ανοικτό Πανεπιστήμιο,Ε.Α.Π,Θετικών Επιστημών και Τεχνολογίας,Σπουδές στην Πληροφορική,Δομή σε Θεματικές Ενότητες/Προγράμματα Σπουδών.
23,Ελληνικό Ανοικτό Πανεπιστήμιο,Ε.Α.Π,Θετικών Επιστημών και Τεχνολογίας,Διαχείριση Τεχνικών Έργων,Δομή σε Θεματικές Ενότητες/Προγράμματα Σπουδών.
23,Ελληνικό Ανοικτό Πανεπιστήμιο,Ε.Α.Π,Εφαρμοσμένων Τεχνών και Βιώσιμου Σχεδιασμού,"Σπουδές Κινηματογραφικής Γραφής, Πρακτικής και Έρευνας",Δομή σε Θεματικές Ενότητες/Προγράμματα Σπουδών· κυρίως μεταπτυχιακή/ερευνητική δραστηριότητα.
24,Ανώτατη Σχολή Καλών Τεχνών,ΑΣΚΤ,(μονοτμηματικό ίδρυμα),Εικαστικών Τεχνών,
24,Ανώτατη Σχολή Καλών Τεχνών,ΑΣΚΤ,(μονοτμηματικό ίδρυμα),Θεωρίας και Ιστορίας της Τέχνης,
25,Ανώτατη Σχολή Παιδαγωγικής και Τεχνολογικής Εκπαίδευσης,ΑΣΠΑΙΤΕ,(μονοτμηματικό ίδρυμα),Παιδαγωγικό Τμήμα,
25,Ανώτατη Σχολή Παιδαγωγικής και Τεχνολογικής Εκπαίδευσης,ΑΣΠΑΙΤΕ,(μονοτμηματικό ίδρυμα),Εκπαιδευτικών Ηλεκτρολόγων Μηχανικών και Εκπαιδευτικών Ηλεκτρονικών Μηχανικών,
25,Ανώτατη Σχολή Παιδαγωγικής και Τεχνολογικής Εκπαίδευσης,ΑΣΠΑΙΤΕ,(μονοτμηματικό ίδρυμα),Εκπαιδευτικών Μηχανολόγων Μηχανικών,
25,Ανώτατη Σχολή Παιδαγωγικής και Τεχνολογικής Εκπαίδευσης,ΑΣΠΑΙΤΕ,(μονοτμηματικό ίδρυμα),Εκπαιδευτικών Πολιτικών Μηχανικών,
26,Ανώτερη Σχολή Τουριστικής Εκπαίδευσης,ΑΣΤΕ,ΑΣΤΕΡ – Ρόδος,Πρόγραμμα Σπουδών ΑΣΤΕΡ,Δεν διαιρείται σε επιμέρους τμήματα.
26,Ανώτερη Σχολή Τουριστικής Εκπαίδευσης,ΑΣΤΕ,"ΑΣΤΕΚ – Άγιος Νικόλαος, Κρήτη",Πρόγραμμα Σπουδών ΑΣΤΕΚ,Δεν διαιρείται σε επιμέρους τμήματα.
27,Ανώτατη Εκκλησιαστική Ακαδημία,,Ανώτατη Εκκλησιαστική Ακαδημία Αθήνας,Πρόγραμμα Ιερατικών Σπουδών,
27,Ανώτατη Εκκλησιαστική Ακαδημία,,Ανώτατη Εκκλησιαστική Ακαδημία Αθήνας,Πρόγραμμα Διαχείρισης Εκκλησιαστικών Κειμηλίων,
27,Ανώτατη Εκκλησιαστική Ακαδημία,,Πατριαρχική Ανώτατη Εκκλησιαστική Ακαδημία Κρήτης,Πρόγραμμα Ιερατικών Σπουδών,
27,Ανώτατη Εκκλησιαστική Ακαδημία,,Πατριαρχική Ανώτατη Εκκλησιαστική Ακαδημία Κρήτης,Πρόγραμμα Διαχείρισης Εκκλησιαστικών Κειμηλίων,
28,Μεσογειακό Αγρονομικό Ινστιτούτο Χανίων,ΜΑΙΧ,(ινστιτούτο CIHEAM – μόνο μεταπτυχιακά),Business Economics and Management,
28,Μεσογειακό Αγρονομικό Ινστιτούτο Χανίων,ΜΑΙΧ,(ινστιτούτο CIHEAM – μόνο μεταπτυχιακά),Food Quality and Chemistry of Natural Products,
28,Μεσογειακό Αγρονομικό Ινστιτούτο Χανίων,ΜΑΙΧ,(ινστιτούτο CIHEAM – μόνο μεταπτυχιακά),Geoinformation in Environmental Management,
28,Μεσογειακό Αγρονομικό Ινστιτούτο Χανίων,ΜΑΙΧ,(ινστιτούτο CIHEAM – μόνο μεταπτυχιακά),Horticultural Genetics and Biotechnology,
28,Μεσογειακό Αγρονομικό Ινστιτούτο Χανίων,ΜΑΙΧ,(ινστιτούτο CIHEAM – μόνο μεταπτυχιακά),Sustainable Agriculture,
29,Στρατιωτικές Σχολές,,Ανώτατα Στρατιωτικά Εκπαιδευτικά Ιδρύματα (ΑΣΕΙ),Στρατιωτική Σχολή Ευελπίδων (ΣΣΕ),
29,Στρατιωτικές Σχολές,,Ανώτατα Στρατιωτικά Εκπαιδευτικά Ιδρύματα (ΑΣΕΙ),Σχολή Ναυτικών Δοκίμων (ΣΝΔ),
29,Στρατιωτικές Σχολές,,Ανώτατα Στρατιωτικά Εκπαιδευτικά Ιδρύματα (ΑΣΕΙ),Σχολή Ικάρων (ΣΙ),
29,Στρατιωτικές Σχολές,,Λοιπά ΑΕΙ Ενόπλων Δυνάμεων,Στρατιωτική Σχολή Αξιωματικών Σωμάτων (ΣΣΑΣ),
29,Στρατιωτικές Σχολές,,Λοιπά ΑΕΙ Ενόπλων Δυνάμεων,Σχολή Αξιωματικών Νοσηλευτικής (ΣΑΝ),
29,Στρατιωτικές Σχολές,,Ανώτερες/Ανώτατες Σχολές Υπαξιωματικών (ΑΣΣΥ),Σχολή Μονίμων Υπαξιωματικών (ΣΜΥ),
29,Στρατιωτικές Σχολές,,Ανώτερες/Ανώτατες Σχολές Υπαξιωματικών (ΑΣΣΥ),Σχολή Μονίμων Υπαξιωματικών Ναυτικού (ΣΜΥΝ),
29,Στρατιωτικές Σχολές,,Ανώτερες/Ανώτατες Σχολές Υπαξιωματικών (ΑΣΣΥ),Σχολή Μονίμων Υπαξιωματικών Αεροπορίας (ΣΜΥΑ),
30,Σχολές Σωμάτων Ασφαλείας,,Ελληνική Αστυνομία,Σχολή Αξιωματικών Ελληνικής Αστυνομίας,
30,Σχολές Σωμάτων Ασφαλείας,,Ελληνική Αστυνομία,Σχολή Αστυφυλάκων,
30,Σχολές Σωμάτων Ασφαλείας,,Πυροσβεστική Ακαδημία,Σχολή Αξιωματικών Πυροσβεστικής Ακαδημίας,
30,Σχολές Σωμάτων Ασφαλείας,,Πυροσβεστική Ακαδημία,Σχολή Πυροσβεστών,
30,Σχολές Σωμάτων Ασφαλείας,,Λιμενικό Σώμα – Ελληνική Ακτοφυλακή,Σχολή Δοκίμων Σημαιοφόρων Λ.Σ.-ΕΛ.ΑΚΤ.,
30,Σχολές Σωμάτων Ασφαλείας,,Λιμενικό Σώμα – Ελληνική Ακτοφυλακή,Σχολή Δοκίμων Λιμενοφυλάκων,

